Timestamp,ClientIP,Method,URI,StatusCode
2025-01-07 16:46:51,192.168.2.122,GET,/admin,500
2025-01-07 19:06:51,192.168.2.4,GET,/home?id=1' OR '1'='1' --,403
2025-01-07 23:20:51,192.168.2.230,POST,/home,500
2025-01-07 02:53:51,192.168.2.238,GET,/search,301
2025-01-07 10:14:51,192.168.2.217,GET,/search,500
2025-01-07 18:29:51,192.168.2.105,POST,/search,403
2025-01-07 01:39:51,192.168.2.163,POST,/api/data,301
2025-01-07 16:53:51,192.168.2.198,POST,/admin,500
2025-01-07 21:00:51,192.168.2.121,GET,/search,403
2025-01-07 01:26:51,192.168.2.29,POST,/admin,200
2025-01-07 08:12:51,192.168.2.88,GET,/api/data,301
2025-01-07 08:03:51,192.168.2.199,POST,/api/data?id=1' OR '1'='1' --,200
2025-01-06 23:48:51,192.168.2.168,POST,/home,403
2025-01-07 01:11:51,192.168.2.233,POST,/search,200
2025-01-07 01:28:51,192.168.2.54,POST,/login,403
2025-01-06 23:57:51,192.168.2.44,POST,/admin,500
2025-01-07 10:16:51,192.168.2.148,POST,/home,500
2025-01-07 22:20:51,192.168.2.165,POST,/login,500
2025-01-06 23:58:51,192.168.2.211,POST,/search,200
2025-01-07 03:06:51,192.168.2.19,POST,/search,301
2025-01-07 04:50:51,192.168.2.67,GET,/home,403
2025-01-07 05:43:51,192.168.2.101,POST,/admin,200
2025-01-07 07:28:51,192.168.2.67,POST,/api/data,403
2025-01-07 08:19:51,192.168.2.188,GET,/search,500
2025-01-07 19:16:51,192.168.2.255,POST,/home,403
2025-01-07 00:55:51,192.168.2.55,POST,/admin,200
2025-01-07 03:54:51,192.168.2.233,POST,/login,500
2025-01-07 15:32:51,192.168.2.207,GET,/search,200
2025-01-07 16:07:51,192.168.2.97,GET,/login,500
2025-01-07 11:36:51,192.168.2.188,GET,/api/data,301
2025-01-07 12:24:51,192.168.2.169,POST,/search,301
2025-01-07 06:54:51,192.168.2.17,POST,/login,301
2025-01-07 17:53:51,192.168.2.180,GET,/api/data,200
2025-01-07 07:03:51,192.168.2.49,POST,/home,500
2025-01-07 14:59:51,192.168.2.98,POST,/api/data,301
2025-01-07 12:25:51,192.168.2.102,GET,/api/data,200
2025-01-07 04:18:51,192.168.2.238,GET,/admin,301
2025-01-07 15:44:51,192.168.2.166,GET,/search,200
2025-01-07 23:09:51,192.168.2.135,GET,/login,403
2025-01-07 12:47:51,192.168.2.221,GET,/api/data,200
2025-01-07 11:57:51,192.168.2.26,GET,/login,403
2025-01-07 01:32:51,192.168.2.51,POST,/login,200
2025-01-07 22:22:51,192.168.2.170,GET,/api/data,301
2025-01-07 02:23:51,192.168.2.135,GET,/admin,403
2025-01-07 07:56:51,192.168.2.102,GET,/home,301
2025-01-07 07:35:51,192.168.2.22,GET,/login,500
2025-01-07 01:04:51,192.168.2.196,POST,/login,301
2025-01-07 20:02:51,192.168.2.41,GET,/admin,301
2025-01-07 05:19:51,192.168.2.13,POST,/home,200
2025-01-07 18:04:51,192.168.2.166,POST,/login?id=1' OR '1'='1' --,500
2025-01-07 15:19:51,192.168.2.186,GET,/search,301
2025-01-07 10:00:51,192.168.2.232,POST,/login,403
2025-01-07 07:59:51,192.168.2.217,POST,/login,500
2025-01-07 17:49:51,192.168.2.225,POST,/home,200
2025-01-07 11:33:51,192.168.2.140,GET,/admin,200
2025-01-07 00:03:51,192.168.2.145,POST,/login,500
2025-01-07 08:14:51,192.168.2.57,POST,/admin,500
2025-01-07 08:18:51,192.168.2.152,POST,/home,500
2025-01-07 19:14:51,192.168.2.92,GET,/admin,301
2025-01-07 10:01:51,192.168.2.107,GET,/home,301
2025-01-07 01:43:51,192.168.2.234,POST,/admin,500
2025-01-07 12:47:51,192.168.2.152,POST,/home,301
2025-01-07 09:44:51,192.168.2.31,GET,/login,403
2025-01-07 00:00:51,192.168.2.249,POST,/api/data,500
2025-01-07 10:37:51,192.168.2.207,GET,/admin,200
2025-01-07 14:45:51,192.168.2.145,GET,/api/data,403
2025-01-06 23:56:51,192.168.2.73,POST,/login,301
2025-01-07 19:44:51,192.168.2.7,POST,/api/data,200
2025-01-07 15:28:51,192.168.2.195,POST,/login?id=1' OR '1'='1' --,500
2025-01-07 04:44:51,192.168.2.222,GET,/admin,301
2025-01-07 22:34:51,192.168.2.33,GET,/home?id=1' OR '1'='1' --,500
2025-01-07 13:30:51,192.168.2.40,POST,/api/data,500
2025-01-07 14:24:51,192.168.2.3,GET,/home,500
2025-01-07 05:08:51,192.168.2.78,POST,/admin,500
2025-01-07 02:32:51,192.168.2.158,GET,/home,301
2025-01-07 19:05:51,192.168.2.172,POST,/home,200
2025-01-07 21:29:51,192.168.2.251,GET,/admin,200
2025-01-07 03:10:51,192.168.2.84,POST,/api/data,403
2025-01-07 06:49:51,192.168.2.26,POST,/home,301
2025-01-06 23:54:51,192.168.2.229,POST,/home,301
2025-01-07 22:18:51,192.168.2.117,POST,/home,200
2025-01-07 21:01:51,192.168.2.88,GET,/home,301
2025-01-07 12:40:51,192.168.2.53,POST,/login,403
2025-01-07 16:23:51,192.168.2.98,GET,/admin?id=1' OR '1'='1' --,500
2025-01-07 19:20:51,192.168.2.152,GET,/search,200
2025-01-07 13:42:51,192.168.2.87,GET,/admin?id=1' OR '1'='1' --,301
2025-01-07 00:16:51,192.168.2.242,POST,/login,403
2025-01-07 17:42:51,192.168.2.96,POST,/search,403
2025-01-07 13:58:51,192.168.2.34,POST,/home,200
2025-01-07 17:57:51,192.168.2.121,POST,/home,500
2025-01-07 15:34:51,192.168.2.63,POST,/search,301
2025-01-07 21:24:51,192.168.2.135,POST,/admin,301
2025-01-07 06:41:51,192.168.2.90,POST,/search,500
2025-01-07 19:56:51,192.168.2.170,GET,/search,403
2025-01-07 11:25:51,192.168.2.89,GET,/login,500
2025-01-07 08:33:51,192.168.2.98,GET,/admin,301
2025-01-07 17:06:51,192.168.2.168,GET,/admin,200
2025-01-07 13:28:51,192.168.2.13,POST,/home,301
2025-01-07 10:25:51,192.168.2.196,POST,/admin,301
2025-01-07 05:18:51,192.168.2.11,GET,/api/data,200
2025-01-07 03:50:51,192.168.2.190,GET,/login,301
2025-01-07 18:46:51,192.168.2.176,POST,/search,500
2025-01-07 09:23:51,192.168.2.102,GET,/admin,500
2025-01-07 19:49:51,192.168.2.182,POST,/login,403
2025-01-07 02:32:51,192.168.2.129,POST,/api/data,200
2025-01-07 00:17:51,192.168.2.195,POST,/search,301
2025-01-07 20:39:51,192.168.2.22,GET,/home?id=1' OR '1'='1' --,200
2025-01-07 06:45:51,192.168.2.118,GET,/login,500
2025-01-07 16:06:51,192.168.2.21,POST,/search,403
2025-01-07 23:44:51,192.168.2.140,GET,/search,500
2025-01-07 19:17:51,192.168.2.236,POST,/api/data?id=1' OR '1'='1' --,403
2025-01-07 20:30:51,192.168.2.114,GET,/login,403
2025-01-07 12:53:51,192.168.2.12,POST,/login,301
2025-01-07 22:43:51,192.168.2.76,GET,/home,200
2025-01-07 15:35:51,192.168.2.230,POST,/login,200
2025-01-07 14:07:51,192.168.2.79,GET,/search?id=1' OR '1'='1' --,500
2025-01-07 07:05:51,192.168.2.103,GET,/admin?id=1' OR '1'='1' --,301
2025-01-07 09:35:51,192.168.2.45,GET,/search,403
2025-01-07 02:36:51,192.168.2.190,GET,/admin,200
2025-01-07 08:27:51,192.168.2.157,GET,/login,500
2025-01-07 22:36:51,192.168.2.32,POST,/login,500
2025-01-07 23:04:51,192.168.2.15,GET,/search,200
2025-01-07 05:58:51,192.168.2.223,POST,/login,200
2025-01-07 15:07:51,192.168.2.102,GET,/home?id=1' OR '1'='1' --,301
2025-01-07 21:44:51,192.168.2.126,POST,/api/data,200
2025-01-07 22:24:51,192.168.2.179,GET,/admin,200
2025-01-07 20:35:51,192.168.2.17,POST,/home,500
2025-01-07 21:20:51,192.168.2.63,POST,/admin,200
2025-01-07 05:58:51,192.168.2.231,POST,/admin,500
2025-01-07 06:48:51,192.168.2.167,GET,/admin,200
2025-01-07 07:27:51,192.168.2.241,POST,/login,301
2025-01-07 05:06:51,192.168.2.12,GET,/login,403
2025-01-07 14:51:51,192.168.2.194,POST,/search?id=1' OR '1'='1' --,301
2025-01-07 14:14:51,192.168.2.134,POST,/search?id=1' OR '1'='1' --,403
2025-01-07 04:44:51,192.168.2.153,GET,/admin,500
2025-01-07 17:47:51,192.168.2.185,POST,/admin,500
2025-01-07 06:00:51,192.168.2.18,GET,/api/data,403
2025-01-07 23:18:51,192.168.2.167,POST,/search,500
2025-01-07 02:28:51,192.168.2.151,POST,/api/data,200
2025-01-07 13:25:51,192.168.2.117,GET,/search,200
2025-01-07 23:12:51,192.168.2.9,POST,/admin,403
2025-01-07 05:34:51,192.168.2.112,GET,/admin,301
2025-01-07 06:03:51,192.168.2.130,GET,/home?id=1' OR '1'='1' --,403
2025-01-07 23:36:51,192.168.2.191,GET,/admin,403
2025-01-07 07:22:51,192.168.2.20,GET,/login,200
2025-01-07 14:55:51,192.168.2.95,POST,/home,301
2025-01-07 11:33:51,192.168.2.224,GET,/home,200
2025-01-07 09:10:51,192.168.2.164,POST,/admin,200
2025-01-07 08:43:51,192.168.2.255,POST,/search,200
2025-01-07 11:16:51,192.168.2.245,POST,/admin,200
2025-01-07 00:26:51,192.168.2.169,POST,/search,500
2025-01-07 22:27:51,192.168.2.47,GET,/api/data,200
2025-01-07 01:11:51,192.168.2.28,POST,/admin,403
2025-01-07 03:47:51,192.168.2.90,GET,/search?id=1' OR '1'='1' --,301
2025-01-07 04:57:51,192.168.2.206,GET,/search,301
2025-01-07 16:44:51,192.168.2.160,GET,/api/data,500
2025-01-07 15:57:51,192.168.2.62,POST,/login,301
2025-01-07 00:31:51,192.168.2.86,GET,/api/data,500
2025-01-07 16:14:51,192.168.2.195,POST,/api/data,403
2025-01-07 13:24:51,192.168.2.55,POST,/api/data,301
2025-01-07 15:50:51,192.168.2.190,POST,/search,200
2025-01-07 03:11:51,192.168.2.232,POST,/home,403
2025-01-07 12:21:51,192.168.2.38,GET,/home,403
2025-01-07 11:29:51,192.168.2.254,GET,/api/data,301
2025-01-07 00:22:51,192.168.2.254,POST,/api/data,500
2025-01-07 05:33:51,192.168.2.101,POST,/home,403
2025-01-07 07:48:51,192.168.2.182,POST,/home,500
2025-01-07 05:17:51,192.168.2.1,GET,/admin,403
2025-01-07 05:35:51,192.168.2.224,POST,/home,403
2025-01-07 18:06:51,192.168.2.231,GET,/login,301
2025-01-07 19:25:51,192.168.2.141,POST,/search?id=1' OR '1'='1' --,403
2025-01-07 14:37:51,192.168.2.61,POST,/home,500
2025-01-07 11:16:51,192.168.2.66,GET,/home,500
2025-01-07 16:54:51,192.168.2.153,POST,/api/data,500
2025-01-07 20:02:51,192.168.2.15,GET,/login,403
2025-01-07 15:14:51,192.168.2.214,GET,/login?id=1' OR '1'='1' --,500
2025-01-07 04:04:51,192.168.2.169,POST,/api/data,403
2025-01-07 11:34:51,192.168.2.78,POST,/search,200
2025-01-07 18:38:51,192.168.2.6,GET,/login,500
2025-01-07 09:28:51,192.168.2.226,GET,/home,200
2025-01-07 05:32:51,192.168.2.94,POST,/api/data,301
2025-01-07 10:06:51,192.168.2.252,GET,/api/data?id=1' OR '1'='1' --,200
2025-01-07 07:27:51,192.168.2.238,POST,/admin?id=1' OR '1'='1' --,500
2025-01-07 16:39:51,192.168.2.120,GET,/search,301
2025-01-07 09:53:51,192.168.2.90,GET,/home?id=1' OR '1'='1' --,403
2025-01-06 23:58:51,192.168.2.159,POST,/admin,403
2025-01-07 06:22:51,192.168.2.129,POST,/admin,500
2025-01-07 21:13:51,192.168.2.80,POST,/home,301
2025-01-07 22:13:51,192.168.2.167,GET,/login,403
2025-01-07 01:38:51,192.168.2.9,POST,/login?id=1' OR '1'='1' --,200
2025-01-07 21:34:51,192.168.2.165,GET,/admin,200
2025-01-07 02:08:51,192.168.2.152,GET,/admin,200
2025-01-07 10:49:51,192.168.2.11,POST,/home,403
2025-01-07 01:36:51,192.168.2.28,POST,/admin,500
2025-01-07 18:03:51,192.168.2.128,GET,/admin,403
2025-01-07 10:15:51,192.168.2.194,POST,/api/data,200
2025-01-07 11:28:51,192.168.2.226,POST,/home,200
2025-01-07 12:19:51,192.168.2.64,POST,/home,301
2025-01-07 12:05:51,192.168.2.39,GET,/search,301
2025-01-06 23:51:51,192.168.2.227,POST,/home,200
2025-01-07 13:12:51,192.168.2.234,GET,/home,301
2025-01-07 14:34:51,192.168.2.120,GET,/search,200
2025-01-07 19:49:51,192.168.2.242,POST,/login,200
2025-01-07 10:10:51,192.168.2.123,POST,/login?id=1' OR '1'='1' --,301
2025-01-07 22:49:51,192.168.2.161,GET,/search,500
2025-01-07 22:36:51,192.168.2.103,POST,/search,200
2025-01-07 12:57:51,192.168.2.203,POST,/search,200
2025-01-07 10:27:51,192.168.2.7,GET,/admin,403
2025-01-06 23:48:51,192.168.2.69,GET,/admin,200
2025-01-07 23:13:51,192.168.2.113,GET,/login,301
2025-01-07 10:08:51,192.168.2.173,GET,/api/data,500
2025-01-07 13:47:51,192.168.2.149,GET,/login,200
2025-01-07 05:44:51,192.168.2.222,POST,/api/data,200
2025-01-07 22:30:51,192.168.2.77,POST,/login,500
2025-01-07 09:52:51,192.168.2.177,GET,/search,500
2025-01-07 13:31:51,192.168.2.105,GET,/search?id=1' OR '1'='1' --,200
2025-01-07 12:00:51,192.168.2.132,POST,/home,403
2025-01-07 06:12:51,192.168.2.165,POST,/search,403
2025-01-07 04:10:51,192.168.2.239,GET,/login,500
2025-01-07 21:25:51,192.168.2.114,GET,/admin,200
2025-01-07 16:21:51,192.168.2.234,GET,/admin?id=1' OR '1'='1' --,301
2025-01-07 05:35:51,192.168.2.248,POST,/home,200
2025-01-07 04:52:51,192.168.2.241,GET,/login,200
2025-01-07 10:47:51,192.168.2.171,GET,/api/data?id=1' OR '1'='1' --,200
2025-01-07 22:35:51,192.168.2.4,POST,/home,500
2025-01-07 23:20:51,192.168.2.207,POST,/admin?id=1' OR '1'='1' --,200
2025-01-07 07:06:51,192.168.2.86,GET,/admin?id=1' OR '1'='1' --,403
2025-01-07 14:06:51,192.168.2.130,POST,/login,301
2025-01-07 12:30:51,192.168.2.100,POST,/login,500
2025-01-07 07:08:51,192.168.2.69,POST,/login?id=1' OR '1'='1' --,301
2025-01-07 02:35:51,192.168.2.57,GET,/login,200
2025-01-07 03:14:51,192.168.2.71,GET,/api/data,500
2025-01-07 15:12:51,192.168.2.68,POST,/home,403
2025-01-07 01:22:51,192.168.2.50,GET,/login,500
2025-01-07 22:12:51,192.168.2.198,GET,/login,500
2025-01-07 20:41:51,192.168.2.148,GET,/admin,500
2025-01-07 06:41:51,192.168.2.82,GET,/home,200
2025-01-07 17:54:51,192.168.2.87,POST,/api/data,301
2025-01-07 18:08:51,192.168.2.127,POST,/login,301
2025-01-07 14:11:51,192.168.2.114,POST,/api/data?id=1' OR '1'='1' --,301
2025-01-07 22:22:51,192.168.2.201,GET,/search,500
2025-01-07 12:57:51,192.168.2.231,GET,/login,200
2025-01-07 17:30:51,192.168.2.121,POST,/home,301
2025-01-07 08:15:51,192.168.2.22,GET,/admin,200
2025-01-07 16:58:51,192.168.2.93,POST,/api/data,301
2025-01-07 14:38:51,192.168.2.213,POST,/search,301
2025-01-07 16:23:51,192.168.2.121,GET,/api/data?id=1' OR '1'='1' --,403
2025-01-07 15:37:51,192.168.2.35,POST,/api/data,301
2025-01-07 02:08:51,192.168.2.247,GET,/login,500
2025-01-07 07:09:51,192.168.2.205,POST,/api/data,500
2025-01-07 11:23:51,192.168.2.138,GET,/home,301
2025-01-07 12:58:51,192.168.2.201,POST,/home,403
2025-01-07 03:23:51,192.168.2.144,GET,/search,200
2025-01-07 03:32:51,192.168.2.232,POST,/api/data,403
2025-01-07 04:50:51,192.168.2.121,POST,/search,403
2025-01-07 06:24:51,192.168.2.85,POST,/admin,200
2025-01-07 09:17:51,192.168.2.211,POST,/login,500
2025-01-07 09:26:51,192.168.2.39,POST,/home,301
2025-01-07 16:38:51,192.168.2.189,GET,/api/data,301
2025-01-07 19:05:51,192.168.2.100,POST,/admin,500
2025-01-07 22:20:51,192.168.2.215,POST,/search,301
2025-01-07 09:22:51,192.168.2.209,GET,/home,500
2025-01-07 06:31:51,192.168.2.208,POST,/admin,301
2025-01-07 16:08:51,192.168.2.75,GET,/login,500
2025-01-07 13:23:51,192.168.2.51,POST,/admin,301
2025-01-07 01:26:51,192.168.2.143,GET,/admin,301
2025-01-07 17:25:51,192.168.2.27,GET,/admin,500
2025-01-07 18:24:51,192.168.2.4,GET,/home,200
2025-01-07 00:58:51,192.168.2.160,POST,/api/data?id=1' OR '1'='1' --,500
2025-01-07 00:11:51,192.168.2.60,GET,/home,301
2025-01-07 16:30:51,192.168.2.8,GET,/home?id=1' OR '1'='1' --,500
2025-01-07 06:39:51,192.168.2.168,POST,/home,403
2025-01-07 14:01:51,192.168.2.63,POST,/home,500
2025-01-07 03:36:51,192.168.2.136,GET,/admin,500
2025-01-07 10:30:51,192.168.2.216,GET,/search,403
2025-01-07 21:22:51,192.168.2.168,POST,/login,200
2025-01-07 07:43:51,192.168.2.39,POST,/search,301
2025-01-07 03:31:51,192.168.2.51,POST,/home,500
2025-01-07 09:53:51,192.168.2.23,POST,/admin,403
2025-01-07 06:41:51,192.168.2.80,GET,/home,301
2025-01-07 03:06:51,192.168.2.72,POST,/search,301
2025-01-07 04:09:51,192.168.2.141,POST,/search,403
2025-01-07 11:34:51,192.168.2.126,POST,/home,200
2025-01-07 00:49:51,192.168.2.95,GET,/home,500
2025-01-06 23:47:51,192.168.2.252,GET,/home?id=1' OR '1'='1' --,200
2025-01-06 23:50:51,192.168.2.234,POST,/admin,301
2025-01-07 21:21:51,192.168.2.184,POST,/search,301
2025-01-07 10:48:51,192.168.2.243,GET,/login,301
2025-01-07 16:43:51,192.168.2.64,GET,/admin?id=1' OR '1'='1' --,200
2025-01-07 04:18:51,192.168.2.53,GET,/admin?id=1' OR '1'='1' --,301
2025-01-07 20:00:51,192.168.2.56,POST,/admin,403
2025-01-07 08:55:51,192.168.2.248,GET,/api/data,301
2025-01-07 16:09:51,192.168.2.236,GET,/admin?id=1' OR '1'='1' --,301
2025-01-07 19:21:51,192.168.2.135,POST,/admin,500
2025-01-07 14:43:51,192.168.2.80,POST,/search,403
2025-01-07 10:14:51,192.168.2.255,POST,/search,301
2025-01-07 04:11:51,192.168.2.177,GET,/login,200
2025-01-07 11:54:51,192.168.2.210,GET,/search?id=1' OR '1'='1' --,500
2025-01-07 21:29:51,192.168.2.223,POST,/search,200
2025-01-07 02:44:51,192.168.2.24,GET,/search,200
2025-01-07 08:55:51,192.168.2.69,POST,/admin,200
2025-01-07 15:11:51,192.168.2.79,POST,/search?id=1' OR '1'='1' --,301
2025-01-07 17:59:51,192.168.2.16,GET,/search,403
2025-01-07 00:16:51,192.168.2.238,POST,/api/data,200
2025-01-07 04:08:51,192.168.2.19,GET,/home,500
2025-01-07 14:06:51,192.168.2.175,POST,/admin,500
2025-01-07 11:40:51,192.168.2.165,GET,/login,200
2025-01-07 14:07:51,192.168.2.56,GET,/api/data,301
2025-01-07 21:07:51,192.168.2.13,POST,/search,301
2025-01-07 05:47:51,192.168.2.192,GET,/api/data,200
2025-01-07 05:48:51,192.168.2.247,POST,/home,403
2025-01-07 20:08:51,192.168.2.121,GET,/search,500
2025-01-07 19:55:51,192.168.2.120,GET,/login,301
2025-01-07 20:55:51,192.168.2.10,GET,/search,200
2025-01-07 13:44:51,192.168.2.3,GET,/api/data,500
2025-01-07 14:18:51,192.168.2.173,GET,/search,500
2025-01-07 20:27:51,192.168.2.248,GET,/home,500
2025-01-07 19:35:51,192.168.2.16,GET,/search,500
2025-01-07 22:09:51,192.168.2.124,POST,/admin,301
2025-01-07 01:46:51,192.168.2.176,POST,/admin,200
2025-01-07 20:53:51,192.168.2.68,POST,/api/data,500
2025-01-07 12:05:51,192.168.2.145,POST,/api/data,200
2025-01-07 14:12:51,192.168.2.105,POST,/api/data,403
2025-01-07 01:51:51,192.168.2.182,GET,/home,200
2025-01-07 01:05:51,192.168.2.139,GET,/login,403
2025-01-07 11:29:51,192.168.2.172,GET,/search,403
2025-01-07 02:47:51,192.168.2.205,GET,/search,500
2025-01-07 16:25:51,192.168.2.45,GET,/login,301
2025-01-07 12:52:51,192.168.2.213,POST,/api/data?id=1' OR '1'='1' --,200
2025-01-07 10:36:51,192.168.2.236,POST,/login,301
2025-01-07 21:28:51,192.168.2.219,POST,/login,500
2025-01-07 03:34:51,192.168.2.142,POST,/admin,500
2025-01-07 08:18:51,192.168.2.38,GET,/login,500
2025-01-07 09:40:51,192.168.2.119,POST,/admin,301
2025-01-07 16:27:51,192.168.2.213,POST,/api/data,200
2025-01-07 22:28:51,192.168.2.188,POST,/search,403
2025-01-07 11:27:51,192.168.2.222,POST,/search,301
2025-01-07 19:17:51,192.168.2.19,GET,/search,403
2025-01-06 23:59:51,192.168.2.73,GET,/home,200
2025-01-07 07:46:51,192.168.2.99,POST,/home?id=1' OR '1'='1' --,403
2025-01-07 10:26:51,192.168.2.160,GET,/api/data,403
2025-01-07 00:53:51,192.168.2.68,GET,/home,200
2025-01-07 10:08:51,192.168.2.31,GET,/admin,200
2025-01-07 17:16:51,192.168.2.159,GET,/login,200
2025-01-07 17:34:51,192.168.2.115,POST,/login?id=1' OR '1'='1' --,200
2025-01-07 03:01:51,192.168.2.188,GET,/home,200
2025-01-07 16:07:51,192.168.2.147,POST,/login,200
2025-01-07 18:22:51,192.168.2.35,POST,/search,500
2025-01-07 20:25:51,192.168.2.226,GET,/search,500
2025-01-07 15:14:51,192.168.2.178,POST,/login,403
2025-01-07 19:57:51,192.168.2.197,GET,/search,500
2025-01-07 10:07:51,192.168.2.69,GET,/home,500
2025-01-07 05:28:51,192.168.2.33,POST,/home,500
2025-01-07 03:36:51,192.168.2.57,POST,/api/data,500
2025-01-07 02:35:51,192.168.2.132,GET,/search,301
2025-01-07 09:15:51,192.168.2.212,POST,/home,200
2025-01-07 15:56:51,192.168.2.71,POST,/admin?id=1' OR '1'='1' --,500
2025-01-07 05:26:51,192.168.2.32,POST,/admin,200
2025-01-07 21:09:51,192.168.2.103,GET,/home,200
2025-01-07 12:53:51,192.168.2.166,POST,/api/data,200
2025-01-07 03:46:51,192.168.2.120,POST,/login?id=1' OR '1'='1' --,500
2025-01-07 09:52:51,192.168.2.64,GET,/login,200
2025-01-07 08:29:51,192.168.2.182,POST,/api/data,200
2025-01-07 16:48:51,192.168.2.146,GET,/login,500
2025-01-07 16:37:51,192.168.2.227,GET,/search,403
2025-01-07 06:09:51,192.168.2.79,POST,/login,403
2025-01-07 15:41:51,192.168.2.125,POST,/admin,500
2025-01-07 01:49:51,192.168.2.248,GET,/api/data,500
2025-01-07 06:48:51,192.168.2.37,POST,/login,500
2025-01-07 09:03:51,192.168.2.54,POST,/admin,301
2025-01-07 03:10:51,192.168.2.155,POST,/api/data,403
2025-01-07 20:18:51,192.168.2.215,GET,/search?id=1' OR '1'='1' --,200
2025-01-07 07:25:51,192.168.2.173,GET,/home,500
2025-01-07 10:11:51,192.168.2.154,POST,/search,500
2025-01-07 07:04:51,192.168.2.170,GET,/admin,200
2025-01-07 11:26:51,192.168.2.161,POST,/admin,500
2025-01-07 00:57:51,192.168.2.98,POST,/search,200
2025-01-07 19:07:51,192.168.2.132,GET,/login,500
2025-01-07 01:27:51,192.168.2.49,POST,/search,301
2025-01-07 05:35:51,192.168.2.75,POST,/api/data,301
2025-01-07 04:31:51,192.168.2.214,POST,/search,301
2025-01-07 05:58:51,192.168.2.143,POST,/api/data,301
2025-01-07 09:59:51,192.168.2.211,POST,/home,500
2025-01-07 13:27:51,192.168.2.80,POST,/admin?id=1' OR '1'='1' --,200
2025-01-07 02:26:51,192.168.2.59,GET,/api/data,301
2025-01-07 03:38:51,192.168.2.217,POST,/login,301
2025-01-07 03:41:51,192.168.2.8,POST,/admin,301
2025-01-07 03:33:51,192.168.2.50,POST,/api/data?id=1' OR '1'='1' --,403
2025-01-06 23:57:51,192.168.2.203,POST,/home,200
2025-01-07 07:55:51,192.168.2.251,POST,/api/data,200
2025-01-07 07:43:51,192.168.2.255,GET,/search,500
2025-01-07 04:00:51,192.168.2.55,GET,/login,403
2025-01-07 19:49:51,192.168.2.103,POST,/search,200
2025-01-07 11:30:51,192.168.2.137,GET,/home,403
2025-01-07 09:26:51,192.168.2.40,POST,/search,200
2025-01-07 21:08:51,192.168.2.238,POST,/api/data,200
2025-01-07 04:38:51,192.168.2.100,GET,/admin,403
2025-01-07 18:06:51,192.168.2.144,POST,/home,403
2025-01-07 02:25:51,192.168.2.27,GET,/search,500
2025-01-07 03:47:51,192.168.2.6,POST,/login,403
2025-01-07 04:47:51,192.168.2.10,GET,/api/data,200
2025-01-07 11:05:51,192.168.2.143,GET,/login,301
2025-01-07 08:03:51,192.168.2.133,GET,/api/data,200
2025-01-07 11:23:51,192.168.2.62,GET,/home,301
2025-01-07 21:23:51,192.168.2.201,GET,/home,403
2025-01-07 08:09:51,192.168.2.164,POST,/admin,200
2025-01-07 21:01:51,192.168.2.21,POST,/admin,403
2025-01-07 02:13:51,192.168.2.48,GET,/search,403
2025-01-07 11:35:51,192.168.2.41,POST,/home,301
2025-01-07 12:19:51,192.168.2.146,POST,/api/data,403
2025-01-07 15:58:51,192.168.2.63,GET,/home,301
2025-01-07 04:11:51,192.168.2.220,POST,/login,200
2025-01-07 15:11:51,192.168.2.120,POST,/api/data,200
2025-01-07 17:30:51,192.168.2.61,GET,/login,500
2025-01-07 22:54:51,192.168.2.143,POST,/search,200
2025-01-07 12:59:51,192.168.2.98,GET,/admin,403
2025-01-07 01:59:51,192.168.2.108,POST,/api/data?id=1' OR '1'='1' --,500
2025-01-07 09:31:51,192.168.2.137,POST,/home,301
2025-01-07 00:20:51,192.168.2.10,GET,/api/data,403
2025-01-07 07:43:51,192.168.2.184,POST,/admin,200
2025-01-07 00:01:51,192.168.2.75,GET,/home,403
2025-01-07 13:28:51,192.168.2.135,POST,/api/data,301
2025-01-07 01:02:51,192.168.2.102,GET,/admin,200
2025-01-07 18:11:51,192.168.2.191,POST,/home,200
2025-01-07 14:17:51,192.168.2.73,POST,/api/data,500
2025-01-07 09:05:51,192.168.2.15,GET,/admin,301
2025-01-07 17:12:51,192.168.2.202,GET,/api/data,403
2025-01-07 07:41:51,192.168.2.12,GET,/admin,200
2025-01-07 09:47:51,192.168.2.157,POST,/login,200
2025-01-07 09:58:51,192.168.2.55,GET,/login,301
2025-01-07 18:56:51,192.168.2.54,GET,/admin,500
2025-01-07 22:50:51,192.168.2.178,GET,/search,500
2025-01-07 16:23:51,192.168.2.115,POST,/login,301
2025-01-07 06:32:51,192.168.2.169,GET,/admin,301
2025-01-07 17:22:51,192.168.2.117,GET,/search,403
2025-01-07 08:27:51,192.168.2.52,GET,/search,500
2025-01-07 20:52:51,192.168.2.85,POST,/search,301
2025-01-07 15:02:51,192.168.2.80,POST,/home,403
2025-01-07 18:52:51,192.168.2.251,GET,/admin,500
2025-01-07 19:00:51,192.168.2.28,POST,/admin?id=1' OR '1'='1' --,500
2025-01-07 22:27:51,192.168.2.106,GET,/search?id=1' OR '1'='1' --,500
2025-01-07 18:03:51,192.168.2.125,GET,/api/data?id=1' OR '1'='1' --,200
2025-01-07 08:41:51,192.168.2.235,GET,/login,200
2025-01-07 02:08:51,192.168.2.159,GET,/login,301
2025-01-07 21:19:51,192.168.2.14,POST,/home,500
2025-01-07 01:02:51,192.168.2.54,POST,/home,500
2025-01-07 18:23:51,192.168.2.126,POST,/admin,500
2025-01-07 07:55:51,192.168.2.193,GET,/home?id=1' OR '1'='1' --,500
2025-01-07 04:41:51,192.168.2.193,GET,/admin,403
2025-01-07 12:05:51,192.168.2.86,POST,/home,301
2025-01-07 22:47:51,192.168.2.14,POST,/admin,403
2025-01-07 11:35:51,192.168.2.126,POST,/api/data,403
2025-01-07 13:36:51,192.168.2.130,POST,/api/data,200
2025-01-07 20:35:51,192.168.2.36,POST,/login?id=1' OR '1'='1' --,500
2025-01-07 21:24:51,192.168.2.131,POST,/admin,500
2025-01-07 08:54:51,192.168.2.56,POST,/api/data,500
2025-01-07 19:29:51,192.168.2.234,GET,/admin,403
2025-01-07 22:41:51,192.168.2.54,GET,/login,301
2025-01-07 12:04:51,192.168.2.135,POST,/api/data,403
2025-01-07 20:24:51,192.168.2.229,POST,/api/data,403
2025-01-07 20:55:51,192.168.2.187,POST,/home?id=1' OR '1'='1' --,200
2025-01-07 04:18:51,192.168.2.229,POST,/admin,301
2025-01-07 12:40:51,192.168.2.81,POST,/search?id=1' OR '1'='1' --,301
2025-01-07 19:15:51,192.168.2.249,POST,/api/data,200
2025-01-07 09:43:51,192.168.2.238,POST,/admin,403
2025-01-07 03:40:51,192.168.2.161,GET,/search,301
2025-01-07 04:41:51,192.168.2.75,GET,/home,301
2025-01-07 04:37:51,192.168.2.118,GET,/api/data,500
2025-01-07 20:28:51,192.168.2.88,GET,/admin,403
2025-01-07 17:59:51,192.168.2.181,POST,/search,301
2025-01-07 17:30:51,192.168.2.77,POST,/home,200
2025-01-07 01:20:51,192.168.2.32,POST,/admin,200
2025-01-07 11:43:51,192.168.2.189,POST,/admin,403
2025-01-07 01:45:51,192.168.2.96,GET,/api/data,301
2025-01-07 07:22:51,192.168.2.181,GET,/search,200
2025-01-07 11:14:51,192.168.2.224,POST,/login,403
2025-01-07 14:36:51,192.168.2.80,GET,/search,301
2025-01-07 02:26:51,192.168.2.156,GET,/home,301
2025-01-07 20:07:51,192.168.2.114,POST,/admin,301
2025-01-07 08:34:51,192.168.2.204,POST,/search,403
2025-01-07 12:14:51,192.168.2.175,POST,/search,200
2025-01-07 22:39:51,192.168.2.168,GET,/search,403
2025-01-07 22:19:51,192.168.2.255,GET,/login,301
2025-01-07 19:48:51,192.168.2.193,POST,/home,500
2025-01-07 12:42:51,192.168.2.175,POST,/login,500
2025-01-07 07:22:51,192.168.2.67,POST,/search,301
2025-01-07 02:38:51,192.168.2.98,POST,/api/data,403
2025-01-07 18:44:51,192.168.2.153,POST,/home,200
2025-01-07 12:44:51,192.168.2.163,POST,/admin,403
2025-01-07 06:01:51,192.168.2.82,GET,/search,500
2025-01-07 04:15:51,192.168.2.47,POST,/home,500
2025-01-07 16:49:51,192.168.2.17,GET,/admin?id=1' OR '1'='1' --,200
2025-01-07 16:42:51,192.168.2.182,GET,/login?id=1' OR '1'='1' --,200
2025-01-06 23:59:51,192.168.2.116,POST,/admin,200
2025-01-07 04:53:51,192.168.2.90,GET,/home,403
2025-01-07 08:01:51,192.168.2.22,POST,/search,301
2025-01-07 13:32:51,192.168.2.121,GET,/api/data,500
2025-01-07 03:33:51,192.168.2.85,POST,/admin,301
2025-01-07 08:01:51,192.168.2.63,GET,/login,200
2025-01-07 19:11:51,192.168.2.126,GET,/admin,500
